{"assets/images/money.jpg":["assets/images/money.jpg"],"assets/images/people_office.jpeg":["assets/images/people_office.jpeg"],"assets/images/shake-hands.jpg":["assets/images/shake-hands.jpg"],"assets/logo/boss_colored.png":["assets/logo/boss_colored.png"],"assets/logo/boss_white.png":["assets/logo/boss_white.png"],"packages/fluttertoast/assets/toastify.css":["packages/fluttertoast/assets/toastify.css"],"packages/fluttertoast/assets/toastify.js":["packages/fluttertoast/assets/toastify.js"],"packages/font_awesome_flutter/lib/fonts/fa-brands-400.ttf":["packages/font_awesome_flutter/lib/fonts/fa-brands-400.ttf"],"packages/font_awesome_flutter/lib/fonts/fa-regular-400.ttf":["packages/font_awesome_flutter/lib/fonts/fa-regular-400.ttf"],"packages/font_awesome_flutter/lib/fonts/fa-solid-900.ttf":["packages/font_awesome_flutter/lib/fonts/fa-solid-900.ttf"]}